Interest Group,Number of Issues,Percentage of Total
quick fix,5424,28.21326397919376
slow fix,2974,15.469440832249676
hot topic,4424,23.011703511053316
first_time,176,0.9154746423927178
easy fix,490,2.548764629388817
hard fix,678,3.52665799739922
ignored,1896,9.862158647594278
